"RK",TIERS,"PLAYER NAME",TEAM,"POS","BYE WEEK","UPSIDE ","BUST ","SOS SEASON","ECR VS. ADP"
"1",1,"Ja'Marr Chase",CIN,"WR1","10","Coach Upside rating","Coach Bust rating","4 out of 5 stars","0"
"2",1,"Bijan Robinson",ATL,"RB1","5","Coach Upside rating","Coach Bust rating","4 out of 5 stars","0"
"3",1,"Saquon Barkley",PHI,"RB2","9","Coach Upside rating","Coach Bust rating","3 out of 5 stars","0"
"4",1,"Justin Jefferson",MIN,"WR2","6","Coach Upside rating","Coach Bust rating","4 out of 5 stars","+1"
"5",1,"Jahmyr Gibbs",DET,"RB3","8","Coach Upside rating","Coach Bust rating","3 out of 5 stars","-1"
"6",1,"CeeDee Lamb",DAL,"WR3","10","Coach Upside rating","Coach Bust rating","2 out of 5 stars","0"
"7",2,"Derrick Henry",BAL,"RB4","7","Coach Upside rating","Coach Bust rating","2 out of 5 stars","+4"
"8",2,"Nico Collins",HOU,"WR4","6","Coach Upside rating","Coach Bust rating","2 out of 5 stars","+4"
"9",2,"Brian Thomas Jr.",JAC,"WR5","8","Coach Upside rating","Coach Bust rating","2 out of 5 stars","+5"
"10",2,"Malik Nabers",NYG,"WR6","14","Coach Upside rating","Coach Bust rating","3 out of 5 stars","-2"
"11",2,"Puka Nacua",LAR,"WR7","8","Coach Upside rating","Coach Bust rating","2 out of 5 stars","+2"
"12",3,"Christian McCaffrey",SF,"RB5","14","Coach Upside rating","Coach Bust rating","3 out of 5 stars","-2"
"13",3,"Ashton Jeanty",LV,"RB6","8","Coach Upside rating","Coach Bust rating","2 out of 5 stars","-4"
"14",3,"Amon-Ra St. Brown",DET,"WR8","8","Coach Upside rating","Coach Bust rating","3 out of 5 stars","-7"
"15",3,"Jonathan Taylor",IND,"RB7","11","Coach Upside rating","Coach Bust rating","2 out of 5 stars","+6"
"16",3,"Drake London",ATL,"WR9","5","Coach Upside rating","Coach Bust rating","3 out of 5 stars","+3"
"17",3,"A.J. Brown",PHI,"WR10","9","Coach Upside rating","Coach Bust rating","4 out of 5 stars","+5"
"18",3,"Josh Jacobs",GB,"RB8","5","Coach Upside rating","Coach Bust rating","4 out of 5 stars","-3"
"19",3,"Brock Bowers",LV,"TE1","8","Coach Upside rating","Coach Bust rating","3 out of 5 stars","-1"
"20",3,"George Kittle",SF,"TE2","14","Coach Upside rating","Coach Bust rating","2 out of 5 stars","+19"
"21",3,"Bucky Irving",TB,"RB9","9","Coach Upside rating","Coach Bust rating","3 out of 5 stars","-5"
"22",4,"Ladd McConkey",LAC,"WR11","12","Coach Upside rating","Coach Bust rating","2 out of 5 stars","+4"
"23",4,"Kyren Williams",LAR,"RB10","8","Coach Upside rating","Coach Bust rating","3 out of 5 stars","+2"
"24",4,"De'Von Achane",MIA,"RB11","12","Coach Upside rating","Coach Bust rating","4 out of 5 stars","-7"
"25",4,"Josh Allen",BUF,"QB1","7","Coach Upside rating","Coach Bust rating","4 out of 5 stars","-2"
"26",4,"Chase Brown",CIN,"RB12","10","Coach Upside rating","Coach Bust rating","3 out of 5 stars","-6"
"27",4,"Lamar Jackson",BAL,"QB2","7","Coach Upside rating","Coach Bust rating","4 out of 5 stars","-3"
"28",4,"Tee Higgins",CIN,"WR12","10","Coach Upside rating","Coach Bust rating","4 out of 5 stars","+5"
"29",4,"Mike Evans",TB,"WR13","9","Coach Upside rating","Coach Bust rating","4 out of 5 stars","+13"
"30",4,"Trey McBride",ARI,"TE3","8","Coach Upside rating","Coach Bust rating","4 out of 5 stars","-3"
"31",4,"James Cook III",BUF,"RB13","7","Coach Upside rating","Coach Bust rating","3 out of 5 stars","0"
"32",4,"Jayden Daniels",WAS,"QB3","12","Coach Upside rating","Coach Bust rating","3 out of 5 stars","-4"
"33",4,"Jaxon Smith-Njigba",SEA,"WR14","8","Coach Upside rating","Coach Bust rating","3 out of 5 stars","-4"
"34",5,"Jalen Hurts",PHI,"QB4","9","Coach Upside rating","Coach Bust rating","4 out of 5 stars","+7"
"35",5,"Davante Adams",LAR,"WR15","8","Coach Upside rating","Coach Bust rating","2 out of 5 stars","+9"
"36",5,"Tyreek Hill",MIA,"WR16","12","Coach Upside rating","Coach Bust rating","4 out of 5 stars","-6"
"37",5,"Omarion Hampton",LAC,"RB14","12","Coach Upside rating","Coach Bust rating","3 out of 5 stars","-5"
"38",5,"Marvin Harrison Jr.",ARI,"WR17","8","Coach Upside rating","Coach Bust rating","2 out of 5 stars","+2"
"39",5,"Terry McLaurin",WAS,"WR18","12","Coach Upside rating","Coach Bust rating","3 out of 5 stars","-4"
"40",5,"Kenneth Walker III",SEA,"RB15","8","Coach Upside rating","Coach Bust rating","4 out of 5 stars","+3"
"41",5,"Garrett Wilson",NYJ,"WR19","9","Coach Upside rating","Coach Bust rating","4 out of 5 stars","-4"
"42",5,"DK Metcalf",PIT,"WR20","5","Coach Upside rating","Coach Bust rating","4 out of 5 stars","+8"
"43",5,"TreVeyon Henderson",NE,"RB16","14","Coach Upside rating","Coach Bust rating","5 out of 5 stars","+3"
"44",5,"Chuba Hubbard",CAR,"RB17","14","Coach Upside rating","Coach Bust rating","3 out of 5 stars","+1"
"45",5,"Jameson Williams",DET,"WR21","8","Coach Upside rating","Coach Bust rating","3 out of 5 stars","+13"
"46",5,"Courtland Sutton",DEN,"WR22","12","Coach Upside rating","Coach Bust rating","2 out of 5 stars","+3"
"47",5,"Breece Hall",NYJ,"RB18","9","Coach Upside rating","Coach Bust rating","3 out of 5 stars","-13"
"48",5,"Joe Burrow",CIN,"QB5","10","Coach Upside rating","Coach Bust rating","3 out of 5 stars","-12"
"49",5,"James Conner",ARI,"RB19","8","Coach Upside rating","Coach Bust rating","3 out of 5 stars","-2"
"50",5,"Alvin Kamara",NO,"RB20","11","Coach Upside rating","Coach Bust rating","4 out of 5 stars","-12"
"51",5,"Xavier Worthy",KC,"WR23","10","Coach Upside rating","Coach Bust rating","2 out of 5 stars","+3"
"52",5,"Tetairoa McMillan",CAR,"WR24","14","Coach Upside rating","Coach Bust rating","4 out of 5 stars","0"
"53",5,"Calvin Ridley",TEN,"WR25","10","Coach Upside rating","Coach Bust rating","2 out of 5 stars","+13"
"54",6,"George Pickens",DAL,"WR26","10","Coach Upside rating","Coach Bust rating","2 out of 5 stars","+9"
"55",6,"DJ Moore",CHI,"WR27","5","Coach Upside rating","Coach Bust rating","3 out of 5 stars","-7"
"56",6,"Tony Pollard",TEN,"RB21","10","Coach Upside rating","Coach Bust rating","1 out of 5 stars","+8"
"57",6,"D'Andre Swift",CHI,"RB22","5","Coach Upside rating","Coach Bust rating","4 out of 5 stars","+3"
"58",6,"DeVonta Smith",PHI,"WR28","9","Coach Upside rating","Coach Bust rating","4 out of 5 stars","-5"
"59",6,"David Montgomery",DET,"RB23","8","Coach Upside rating","Coach Bust rating","3 out of 5 stars","-3"
"60",6,"Sam LaPorta",DET,"TE4","8","Coach Upside rating","Coach Bust rating","3 out of 5 stars","-5"
"61",6,"Isiah Pacheco",KC,"RB24","10","Coach Upside rating","Coach Bust rating","3 out of 5 stars","-4"
"62",6,"RJ Harvey",DEN,"RB25","12","Coach Upside rating","Coach Bust rating","3 out of 5 stars","-11"
"63",6,"Zay Flowers",BAL,"WR29","7","Coach Upside rating","Coach Bust rating","4 out of 5 stars","-2"
"64",6,"Patrick Mahomes II",KC,"QB6","10","Coach Upside rating","Coach Bust rating","2 out of 5 stars","-5"
"65",6,"Jaylen Waddle",MIA,"WR30","12","Coach Upside rating","Coach Bust rating","4 out of 5 stars","+7"
"66",6,"Aaron Jones Sr.",MIN,"RB26","6","Coach Upside rating","Coach Bust rating","3 out of 5 stars","-1"
"67",6,"Bo Nix",DEN,"QB7","12","Coach Upside rating","Coach Bust rating","3 out of 5 stars","+8"
"68",6,"Baker Mayfield",TB,"QB8","9","Coach Upside rating","Coach Bust rating","3 out of 5 stars","+3"
"69",6,"Mark Andrews",BAL,"TE5","7","Coach Upside rating","Coach Bust rating","3 out of 5 stars","+14"
"70",6,"Tyrone Tracy Jr.",NYG,"RB27","14","Coach Upside rating","Coach Bust rating","3 out of 5 stars","+4"
"71",7,"Ricky Pearsall",SF,"WR31","14","Coach Upside rating","Coach Bust rating","3 out of 5 stars","+10"
"72",7,"Rome Odunze",CHI,"WR32","5","Coach Upside rating","Coach Bust rating","3 out of 5 stars","+5"
"73",7,"T.J. Hockenson",MIN,"TE6","6","Coach Upside rating","Coach Bust rating","3 out of 5 stars","-6"
"74",7,"Travis Hunter",JAC,"WR33","8","Coach Upside rating","Coach Bust rating","2 out of 5 stars","-5"
"75",7,"Kaleb Johnson",PIT,"RB28","5","Coach Upside rating","Coach Bust rating","2 out of 5 stars","+1"
"76",7,"Emeka Egbuka",TB,"WR34","9","Coach Upside rating","Coach Bust rating","4 out of 5 stars","+16"
"77",7,"Jordan Mason",MIN,"RB29","6","Coach Upside rating","Coach Bust rating","3 out of 5 stars","+20"
"78",7,"Kyler Murray",ARI,"QB9","8","Coach Upside rating","Coach Bust rating","3 out of 5 stars","+16"
"79",7,"Dak Prescott",DAL,"QB10","10","Coach Upside rating","Coach Bust rating","3 out of 5 stars","+24"
"80",7,"Jaylen Warren",PIT,"RB30","5","Coach Upside rating","Coach Bust rating","2 out of 5 stars","-2"
"81",7,"Jerry Jeudy",CLE,"WR35","9","Coach Upside rating","Coach Bust rating","4 out of 5 stars","-13"
"82",7,"Chris Olave",NO,"WR36","11","Coach Upside rating","Coach Bust rating","4 out of 5 stars","-9"
"83",7,"Travis Kelce",KC,"TE7","10","Coach Upside rating","Coach Bust rating","3 out of 5 stars","-13"
"84",7,"Deebo Samuel Sr.",WAS,"WR37","12","Coach Upside rating","Coach Bust rating","3 out of 5 stars","-2"
"85",7,"Matthew Golden",GB,"WR38","5","Coach Upside rating","Coach Bust rating","4 out of 5 stars","0"
"86",7,"Rashee Rice",KC,"WR39","10","Coach Upside rating","Coach Bust rating","2 out of 5 stars","-24"
"87",7,"Travis Etienne Jr.",JAC,"RB31","8","Coach Upside rating","Coach Bust rating","3 out of 5 stars","-1"
"88",7,"Brock Purdy",SF,"QB11","14","Coach Upside rating","Coach Bust rating","2 out of 5 stars","+23"
"89",7,"Zach Charbonnet",SEA,"RB32","8","Coach Upside rating","Coach Bust rating","4 out of 5 stars","+6"
"90",7,"David Njoku",CLE,"TE8","9","Coach Upside rating","Coach Bust rating","4 out of 5 stars","+10"
"91",7,"J.K. Dobbins",DEN,"RB33","12","Coach Upside rating","Coach Bust rating","3 out of 5 stars","+21"
"92",7,"Tucker Kraft",GB,"TE9","5","Coach Upside rating","Coach Bust rating","2 out of 5 stars","+15"
"93",7,"Tyler Warren",IND,"TE10","11","Coach Upside rating","Coach Bust rating","3 out of 5 stars","+3"
"94",7,"Stefon Diggs",NE,"WR40","14","Coach Upside rating","Coach Bust rating","4 out of 5 stars","-10"
"95",7,"Jordan Addison",MIN,"WR41","6","Coach Upside rating","Coach Bust rating","4 out of 5 stars","-15"
"96",7,"Tank Bigsby",PHI,"RB34","9","Coach Upside rating","Coach Bust rating","3 out of 5 stars","+23"
"97",7,"Justin Fields",NYJ,"QB12","9","Coach Upside rating","Coach Bust rating","4 out of 5 stars","+24"
"98",7,"Drake Maye",NE,"QB13","14","Coach Upside rating","Coach Bust rating","4 out of 5 stars","+28"
"99",7,"Javonte Williams",DAL,"RB35","10","Coach Upside rating","Coach Bust rating","4 out of 5 stars","-1"
"100",7,"Jauan Jennings",SF,"WR42","14","Coach Upside rating","Coach Bust rating","3 out of 5 stars","+2"
"101",8,"Caleb Williams",CHI,"QB14","5","Coach Upside rating","Coach Bust rating","3 out of 5 stars","+5"
"102",8,"Justin Herbert",LAC,"QB15","12","Coach Upside rating","Coach Bust rating","3 out of 5 stars","+12"
"103",8,"Jakobi Meyers",JAC,"WR43","8","Coach Upside rating","Coach Bust rating","2 out of 5 stars","-16"
"104",8,"Evan Engram",DEN,"TE11","12","Coach Upside rating","Coach Bust rating","4 out of 5 stars","-15"
"105",8,"Jared Goff",DET,"QB16","8","Coach Upside rating","Coach Bust rating","3 out of 5 stars","-4"
"106",8,"Rhamondre Stevenson",NE,"RB36","14","Coach Upside rating","Coach Bust rating","5 out of 5 stars","+2"
"107",8,"Jayden Reed",GB,"WR44","5","Coach Upside rating","Coach Bust rating","4 out of 5 stars","+2"
"108",8,"Jordan Love",GB,"QB17","5","Coach Upside rating","Coach Bust rating","5 out of 5 stars","+21"
"109",8,"Trevor Lawrence",JAC,"QB18","8","Coach Upside rating","Coach Bust rating","1 out of 5 stars","+29"
"110",8,"Keon Coleman",BUF,"WR45","7","Coach Upside rating","Coach Bust rating","4 out of 5 stars","+6"
"111",8,"Khalil Shakir",BUF,"WR46","7","Coach Upside rating","Coach Bust rating","4 out of 5 stars","-21"
"112",8,"Austin Ekeler",WAS,"RB37","12","Coach Upside rating","Coach Bust rating","3 out of 5 stars","+10"
"113",8,"Braelon Allen",NYJ,"RB38","9","Coach Upside rating","Coach Bust rating","3 out of 5 stars","+29"
"114",8,"Cam Skattebo",NYG,"RB39","14","Coach Upside rating","Coach Bust rating","3 out of 5 stars","-9"
"115",8,"Jacory Croskey-Merritt",WAS,"RB40","12","Coach Upside rating","Coach Bust rating","3 out of 5 stars","+63"
"116",8,"C.J. Stroud",HOU,"QB19","6","Coach Upside rating","Coach Bust rating","2 out of 5 stars","+14"
"117",8,"Kyle Pitts Sr.",ATL,"TE12","5","Coach Upside rating","Coach Bust rating","5 out of 5 stars","+22"
"118",8,"Josh Downs",IND,"WR47","11","Coach Upside rating","Coach Bust rating","2 out of 5 stars","-5"
"119",8,"J.J. McCarthy",MIN,"QB20","6","Coach Upside rating","Coach Bust rating","4 out of 5 stars","+18"
"120",8,"Nick Chubb",HOU,"RB41","6","Coach Upside rating","Coach Bust rating","3 out of 5 stars","+20"
"121",8,"Darnell Mooney",ATL,"WR48","5","Coach Upside rating","Coach Bust rating","3 out of 5 stars","-1"
"122",8,"Najee Harris",LAC,"RB42","12","Coach Upside rating","Coach Bust rating","3 out of 5 stars","-18"
"123",8,"Dallas Goedert",PHI,"TE13","9","Coach Upside rating","Coach Bust rating","3 out of 5 stars","+20"
"124",8,"Cooper Kupp",SEA,"WR49","8","Coach Upside rating","Coach Bust rating","3 out of 5 stars","-36"
"125",8,"Michael Pittman Jr.",IND,"WR50","11","Coach Upside rating","Coach Bust rating","2 out of 5 stars","-15"
"126",8,"Rashid Shaheed",SEA,"WR51","8","Coach Upside rating","Coach Bust rating","3 out of 5 stars","+10"
"127",8,"Dalton Kincaid",BUF,"TE14","7","Coach Upside rating","Coach Bust rating","2 out of 5 stars","-3"
"128",8,"Brian Robinson Jr.",SF,"RB43","14","Coach Upside rating","Coach Bust rating","3 out of 5 stars","-29"
"129",8,"Trey Benson",ARI,"RB44","8","Coach Upside rating","Coach Bust rating","3 out of 5 stars","+6"
"130",8,"Colston Loveland",CHI,"TE15","5","Coach Upside rating","Coach Bust rating","2 out of 5 stars","-15"
"131",8,"Chris Godwin Jr.",TB,"WR52","9","Coach Upside rating","Coach Bust rating","4 out of 5 stars","-40"
"132",9,"Ray Davis",BUF,"RB45","7","Coach Upside rating","Coach Bust rating","3 out of 5 stars","+12"
"133",9,"Quinshon Judkins",CLE,"RB46","9","Coach Upside rating","Coach Bust rating","4 out of 5 stars","-40"
"134",9,"Rachaad White",TB,"RB47","9","Coach Upside rating","Coach Bust rating","3 out of 5 stars","-6"
"135",9,"Marvin Mims Jr.",DEN,"WR53","12","Coach Upside rating","Coach Bust rating","2 out of 5 stars","-3"
"136",9,"Rashod Bateman",BAL,"WR54","7","Coach Upside rating","Coach Bust rating","4 out of 5 stars","+28"
"137",9,"Jake Ferguson",DAL,"TE16","10","Coach Upside rating","Coach Bust rating","3 out of 5 stars","-14"
"138",9,"Tyler Allgeier",ATL,"RB48","5","Coach Upside rating","Coach Bust rating","4 out of 5 stars","+10"
"139",9,"Tua Tagovailoa",MIA,"QB21","12","Coach Upside rating","Coach Bust rating","4 out of 5 stars","+13"
"140",9,"Bhayshul Tuten",JAC,"RB49","8","Coach Upside rating","Coach Bust rating","3 out of 5 stars","-6"
"141",9,"Christian Kirk",HOU,"WR55","6","Coach Upside rating","Coach Bust rating","2 out of 5 stars","+4"
"142",9,"Bryce Young",CAR,"QB22","14","Coach Upside rating","Coach Bust rating","3 out of 5 stars","+16"
"143",9,"Hunter Henry",NE,"TE17","14","Coach Upside rating","Coach Bust rating","3 out of 5 stars","+10"
"144",9,"Jerome Ford",CLE,"RB50","9","Coach Upside rating","Coach Bust rating","4 out of 5 stars","-13"
"145",9,"Michael Penix Jr.",ATL,"QB23","5","Coach Upside rating","Coach Bust rating","4 out of 5 stars","+12"
"146",9,"Brandon Aiyuk",SF,"WR56","14","Coach Upside rating","Coach Bust rating","3 out of 5 stars","-28"
"147",9,"Dylan Sampson",CLE,"RB51","9","Coach Upside rating","Coach Bust rating","4 out of 5 stars","+2"
"148",9,"Jayden Higgins",HOU,"WR57","6","Coach Upside rating","Coach Bust rating","2 out of 5 stars","-23"
"149",9,"Cedric Tillman",CLE,"WR58","9","Coach Upside rating","Coach Bust rating","4 out of 5 stars","+16"
"150",9,"Jaydon Blue",DAL,"RB52","10","Coach Upside rating","Coach Bust rating","4 out of 5 stars","-23"
"151",9,"Luther Burden III",CHI,"WR59","5","Coach Upside rating","Coach Bust rating","3 out of 5 stars","-5"
"152",9,"Keenan Allen",LAC,"WR60","12","Coach Upside rating","Coach Bust rating","2 out of 5 stars","+3"
"153",9,"Joe Mixon",HOU,"RB53","6","Coach Upside rating","Coach Bust rating","3 out of 5 stars","-74"
"154",9,"Geno Smith",LV,"QB24","8","Coach Upside rating","Coach Bust rating","2 out of 5 stars","+14"
"155",9,"Romeo Doubs",GB,"WR61","5","Coach Upside rating","Coach Bust rating","4 out of 5 stars","+31"
"156",9,"Tyjae Spears",TEN,"RB54","10","Coach Upside rating","Coach Bust rating","1 out of 5 stars","-23"
"157",9,"Denver Broncos",DEN,"DST1","12","Coach Upside rating–No rating available","Coach Bust rating–No rating available","4 out of 5 stars","-10"
"158",9,"Zach Ertz",WAS,"TE18","12","Coach Upside rating","Coach Bust rating","2 out of 5 stars","-2"
"159",9,"Rico Dowdle",CAR,"RB55","14","Coach Upside rating","Coach Bust rating","3 out of 5 stars","-18"
"160",9,"Ollie Gordon II",MIA,"RB56","12","Coach Upside rating","Coach Bust rating","4 out of 5 stars","+29"
"161",9,"Jonnu Smith",PIT,"TE19","5","Coach Upside rating","Coach Bust rating","4 out of 5 stars","-44"
"162",9,"Matthew Stafford",LAR,"QB25","8","Coach Upside rating","Coach Bust rating","2 out of 5 stars","-1"
"163",9,"Marquise Brown",KC,"WR62","10","Coach Upside rating","Coach Bust rating","2 out of 5 stars","-12"
"164",10,"Philadelphia Eagles",PHI,"DST2","9","Coach Upside rating–No rating available","Coach Bust rating–No rating available","1 out of 5 stars","-10"
"165",10,"Isaiah Likely",BAL,"TE20","7","Coach Upside rating","Coach Bust rating","3 out of 5 stars","+8"
"166",10,"Joshua Palmer",BUF,"WR63","7","Coach Upside rating","Coach Bust rating","4 out of 5 stars","+21"
"167",10,"Pittsburgh Steelers",PIT,"DST3","5","Coach Upside rating–No rating available","Coach Bust rating–No rating available","4 out of 5 stars","-8"
"168",10,"Baltimore Ravens",BAL,"DST4","7","Coach Upside rating–No rating available","Coach Bust rating–No rating available","3 out of 5 stars","+16"
"169",10,"Xavier Legette",CAR,"WR64","14","Coach Upside rating","Coach Bust rating","4 out of 5 stars","-6"
"170",10,"Cam Ward",TEN,"QB26","10","Coach Upside rating","Coach Bust rating","0 out of 5 stars","-10"
"171",10,"DeMario Douglas",NE,"WR65","14","Coach Upside rating","Coach Bust rating","4 out of 5 stars","+19"
"172",10,"Adam Thielen",PIT,"WR66","5","Coach Upside rating","Coach Bust rating","4 out of 5 stars","-2"
"173",10,"Minnesota Vikings",MIN,"DST5","6","Coach Upside rating–No rating available","Coach Bust rating–No rating available","1 out of 5 stars","-2"
"174",10,"Kyle Williams",NE,"WR67","14","Coach Upside rating","Coach Bust rating","4 out of 5 stars","-5"
"175",10,"Brenton Strange",JAC,"TE21","8","Coach Upside rating","Coach Bust rating","4 out of 5 stars","-8"
"176",10,"Blake Corum",LAR,"RB57","8","Coach Upside rating","Coach Bust rating","3 out of 5 stars","+12"
"177",10,"Houston Texans",HOU,"DST6","6","Coach Upside rating–No rating available","Coach Bust rating–No rating available","2 out of 5 stars","+8"
"178",10,"Wan'Dale Robinson",NYG,"WR68","14","Coach Upside rating","Coach Bust rating","3 out of 5 stars","-3"
"179",10,"Quentin Johnston",LAC,"WR69","12","Coach Upside rating","Coach Bust rating","2 out of 5 stars","+37"
"180",10,"Tre Harris",LAC,"WR70","12","Coach Upside rating","Coach Bust rating","2 out of 5 stars","-30"
"181",10,"Buffalo Bills",BUF,"DST7","7","Coach Upside rating–No rating available","Coach Bust rating–No rating available","5 out of 5 stars","+18"
"182",10,"Roschon Johnson",CHI,"RB58","5","Coach Upside rating","Coach Bust rating","4 out of 5 stars","+13"
"183",10,"Brandon Aubrey",DAL,"K1","10","Coach Upside rating","Coach Bust rating","5 out of 5 stars","-2"
"184",10,"Sam Darnold",SEA,"QB27","8","Coach Upside rating","Coach Bust rating","3 out of 5 stars","-8"
"185",10,"Will Shipley",PHI,"RB59","9","Coach Upside rating","Coach Bust rating","3 out of 5 stars","+13"
"186",10,"Kansas City Chiefs",KC,"DST8","10","Coach Upside rating–No rating available","Coach Bust rating–No rating available","2 out of 5 stars","+18"
"187",10,"Kyle Monangai",CHI,"RB60","5","Coach Upside rating","Coach Bust rating","4 out of 5 stars","-15"
"188",10,"Detroit Lions",DET,"DST9","8","Coach Upside rating–No rating available","Coach Bust rating–No rating available","2 out of 5 stars","+23"
"189",10,"DeAndre Hopkins",BAL,"WR71","7","Coach Upside rating","Coach Bust rating","4 out of 5 stars","-27"
"190",10,"Cameron Dicker",LAC,"K2","12","Coach Upside rating","Coach Bust rating","3 out of 5 stars","+3"
"191",10,"Chig Okonkwo",TEN,"TE22","10","Coach Upside rating","Coach Bust rating","2 out of 5 stars","0"
"192",10,"Green Bay Packers",GB,"DST10","5","Coach Upside rating–No rating available","Coach Bust rating–No rating available","3 out of 5 stars","+20"
"193",10,"Alec Pierce",IND,"WR72","11","Coach Upside rating","Coach Bust rating","2 out of 5 stars","+9"
"194",10,"Cade Otton",TB,"TE23","9","Coach Upside rating","Coach Bust rating","1 out of 5 stars","-15"
"195",10,"Jake Bates",DET,"K3","8","Coach Upside rating","Coach Bust rating","4 out of 5 stars","+8"
"196",10,"Seattle Seahawks",SEA,"DST11","8","Coach Upside rating–No rating available","Coach Bust rating–No rating available","3 out of 5 stars","+30"
"197",10,"Chris Rodriguez Jr.",WAS,"RB61","12","Coach Upside rating","Coach Bust rating","3 out of 5 stars","+46"
"198",10,"Los Angeles Rams",LAR,"DST12","8","Coach Upside rating–No rating available","Coach Bust rating–No rating available","1 out of 5 stars","+37"
"199",10,"Kendre Miller",NO,"RB62","11","Coach Upside rating","Coach Bust rating","4 out of 5 stars","+34"
"200",10,"Jalen Coker",CAR,"WR73","14","Coach Upside rating","Coach Bust rating","4 out of 5 stars","+75"
"201",10,"Isaac Guerendo",SF,"RB63","14","Coach Upside rating","Coach Bust rating","3 out of 5 stars","-35"
"202",10,"Woody Marks",HOU,"RB64","6","Coach Upside rating","Coach Bust rating","3 out of 5 stars","+4"
"203",11,"Wil Lutz",DEN,"K4","12","Coach Upside rating","Coach Bust rating","3 out of 5 stars","+49"
"204",11,"Darius Slayton",NYG,"WR74","14","Coach Upside rating","Coach Bust rating","3 out of 5 stars","+59"
"205",11,"Chase McLaughlin",TB,"K5","9","Coach Upside rating","Coach Bust rating","3 out of 5 stars","+25"
"206",11,"Ka'imi Fairbairn",HOU,"K6","6","Coach Upside rating","Coach Bust rating","2 out of 5 stars","+3"
"207",11,"Jaylen Wright",MIA,"RB65","12","Coach Upside rating","Coach Bust rating","4 out of 5 stars","-13"
"208",11,"Elic Ayomanor",TEN,"WR75","10","Coach Upside rating","Coach Bust rating","2 out of 5 stars","+31"
"209",11,"Los Angeles Chargers",LAC,"DST13","12","Coach Upside rating–No rating available","Coach Bust rating–No rating available","3 out of 5 stars","+50"
"210",11,"Michael Wilson",ARI,"WR76","8","Coach Upside rating–No rating available","Coach Bust rating–No rating available","2 out of 5 stars","+27"
"211",11,"Mike Gesicki",CIN,"TE24","10","Coach Upside rating","Coach Bust rating","3 out of 5 stars","-11"
"212",11,"DJ Giddens",IND,"RB66","11","Coach Upside rating","Coach Bust rating","2 out of 5 stars","-7"
"213",11,"Harrison Butker",KC,"K7","10","Coach Upside rating","Coach Bust rating","4 out of 5 stars","+6"
"214",11,"San Francisco 49ers",SF,"DST14","14","Coach Upside rating–No rating available","Coach Bust rating–No rating available","2 out of 5 stars","-22"
"215",11,"Aaron Rodgers",PIT,"QB28","5","Coach Upside rating","Coach Bust rating","4 out of 5 stars","-35"
"216",11,"Keaton Mitchell",BAL,"RB67","7","Coach Upside rating","Coach Bust rating","2 out of 5 stars","+7"
"217",11,"Pat Bryant",DEN,"WR77","12","Coach Upside rating","Coach Bust rating","2 out of 5 stars","+3"
"218",11,"Mason Taylor",NYJ,"TE25","9","Coach Upside rating","Coach Bust rating","4 out of 5 stars","-41"
"219",11,"Chris Boswell",PIT,"K8","5","Coach Upside rating","Coach Bust rating","4 out of 5 stars","+28"
"220",11,"Kareem Hunt",KC,"RB68","10","Coach Upside rating","Coach Bust rating","3 out of 5 stars","-38"
"221",11,"Evan McPherson",CIN,"K9","10","Coach Upside rating","Coach Bust rating","4 out of 5 stars","+21"
"222",11,"Pat Freiermuth",PIT,"TE26","5","Coach Upside rating","Coach Bust rating","4 out of 5 stars","-25"
"223",11,"Adonai Mitchell",NYJ,"WR78","9","Coach Upside rating","Coach Bust rating","4 out of 5 stars","+45"
"224",11,"Jake Elliott",PHI,"K10","9","Coach Upside rating","Coach Bust rating","4 out of 5 stars","+14"
"225",11,"Justice Hill",BAL,"RB69","7","Coach Upside rating","Coach Bust rating","2 out of 5 stars","-42"
"226",11,"Miles Sanders",DAL,"RB70","10","Coach Upside rating","Coach Bust rating","4 out of 5 stars","-4"
"227",11,"Andrei Iosivas",CIN,"WR79","10","Coach Upside rating","Coach Bust rating","4 out of 5 stars","+59"
"228",11,"Tyler Bass",BUF,"K11","7","Coach Upside rating","Coach Bust rating","4 out of 5 stars","-4"
"229",11,"New York Jets",NYJ,"DST15","9","Coach Upside rating–No rating available","Coach Bust rating–No rating available","4 out of 5 stars","+15"
"230",11,"Jaylin Noel",HOU,"WR80","6","Coach Upside rating","Coach Bust rating","2 out of 5 stars","+1"
"231",11,"Dalton Schultz",HOU,"TE27","6","Coach Upside rating","Coach Bust rating","4 out of 5 stars","-18"
"232",11,"Isaac TeSlaa",DET,"WR81","8","Coach Upside rating","Coach Bust rating","3 out of 5 stars","-14"
"233",11,"Juwan Johnson",NO,"TE28","11","Coach Upside rating","Coach Bust rating","4 out of 5 stars","-1"
"234",11,"Calvin Austin III",PIT,"WR82","5","Coach Upside rating","Coach Bust rating","4 out of 5 stars","+40"
"235",11,"Dont'e Thornton Jr.",LV,"WR83","8","Coach Upside rating","Coach Bust rating","2 out of 5 stars","-10"
"236",11,"Tahj Brooks",CIN,"RB71","10","Coach Upside rating","Coach Bust rating","3 out of 5 stars","-9"
"237",11,"Jack Bech",LV,"WR84","8","Coach Upside rating","Coach Bust rating","2 out of 5 stars","-63"
"238",11,"MarShawn Lloyd",GB,"RB72","5","Coach Upside rating","Coach Bust rating","4 out of 5 stars","+15"
"239",11,"Dontayvion Wicks",GB,"WR85","5","Coach Upside rating","Coach Bust rating","4 out of 5 stars","+12"
"240",11,"Tory Horton",SEA,"WR86","8","Coach Upside rating","Coach Bust rating","3 out of 5 stars","+1"
"241",11,"Matt Gay",FA,"K12","-","Coach Upside rating","Coach Bust rating","-","+46"
"242",11,"Dyami Brown",JAC,"WR87","8","Coach Upside rating","Coach Bust rating","2 out of 5 stars","+35"
"243",11,"Elijah Arroyo",SEA,"TE29","8","Coach Upside rating","Coach Bust rating","2 out of 5 stars","-14"
"244",11,"Dameon Pierce",KC,"RB73","10","Coach Upside rating","Coach Bust rating","3 out of 5 stars","+23"
"245",11,"Ja'Tavion Sanders",CAR,"TE30","14","Coach Upside rating","Coach Bust rating","3 out of 5 stars","-24"
"246",11,"Jarquez Hunter",LAR,"RB74","8","Coach Upside rating","Coach Bust rating","3 out of 5 stars","-31"
"247",11,"Daniel Jones",IND,"QB29","11","Coach Upside rating","Coach Bust rating","2 out of 5 stars","-33"
"248",11,"Tyler Lockett",LV,"WR88","8","Coach Upside rating","Coach Bust rating","2 out of 5 stars","-2"
"249",11,"Sean Tucker",TB,"RB75","9","Coach Upside rating","Coach Bust rating","3 out of 5 stars","+40"
"250",11,"Younghoe Koo",NYG,"K13","14","Coach Upside rating","Coach Bust rating","4 out of 5 stars","+53"
"251",11,"Roman Wilson",PIT,"WR89","5","Coach Upside rating","Coach Bust rating","4 out of 5 stars","+3"
"252",12,"Brashard Smith",KC,"RB76","10","Coach Upside rating","Coach Bust rating","3 out of 5 stars","-44"
"253",12,"Theo Johnson",NYG,"TE31","14","Coach Upside rating","Coach Bust rating","3 out of 5 stars","-13"
"254",12,"Jalen McMillan",TB,"WR90","9","Coach Upside rating","Coach Bust rating","4 out of 5 stars","-37"
"255",12,"Devin Neal",NO,"RB77","11","Coach Upside rating","Coach Bust rating","4 out of 5 stars","-7"
"256",12,"Russell Wilson",NYG,"QB30","14","Coach Upside rating","Coach Bust rating","3 out of 5 stars","-55"
"257",12,"Tampa Bay Buccaneers",TB,"DST16","9","Coach Upside rating–No rating available","Coach Bust rating–No rating available","3 out of 5 stars","-23"
"258",12,"Raheem Mostert",LV,"RB78","8","Coach Upside rating","Coach Bust rating","2 out of 5 stars","-1"
"259",12,"Harold Fannin Jr.",CLE,"TE32","9","Coach Upside rating","Coach Bust rating","4 out of 5 stars","-14"
"260",12,"Jalen Royals",KC,"WR91","10","Coach Upside rating","Coach Bust rating","2 out of 5 stars","-11"
"261",12,"Cole Kmet",CHI,"TE33","5","Coach Upside rating","Coach Bust rating","2 out of 5 stars","+9"
"262",12,"Malik Washington",MIA,"WR92","12","Coach Upside rating","Coach Bust rating","4 out of 5 stars","+60"
"263",12,"Kayshon Boutte",NE,"WR93","14","Coach Upside rating","Coach Bust rating","4 out of 5 stars","+29"
"264",12,"Kenneth Gainwell",PIT,"RB79","5","Coach Upside rating","Coach Bust rating","2 out of 5 stars","+26"
"265",12,"Devaughn Vele",NO,"WR94","11","Coach Upside rating","Coach Bust rating","4 out of 5 stars","-"
"266",12,"Joe Flacco",CIN,"QB31","10","Coach Upside rating","Coach Bust rating","3 out of 5 stars","-30"
"267",12,"Nick Westbrook-Ikhine",MIA,"WR95","12","Coach Upside rating","Coach Bust rating","4 out of 5 stars","-"
"268",12,"Tyler Loop",BAL,"K14","7","Coach Upside rating","Coach Bust rating","3 out of 5 stars","-12"
"269",12,"Elijah Mitchell",KC,"RB80","10","Coach Upside rating","Coach Bust rating","3 out of 5 stars","+14"
"270",12,"Jalen Tolbert",DAL,"WR96","10","Coach Upside rating","Coach Bust rating","2 out of 5 stars","+53"
"271",12,"Noah Gray",KC,"TE34","10","Coach Upside rating","Coach Bust rating","3 out of 5 stars","+23"
"272",12,"Ty Johnson",BUF,"RB81","7","Coach Upside rating","Coach Bust rating","3 out of 5 stars","+60"
"273",12,"Trevor Etienne",CAR,"RB82","14","Coach Upside rating","Coach Bust rating","3 out of 5 stars","-7"
"274",12,"Darren Waller",MIA,"TE35","12","Coach Upside rating","Coach Bust rating","5 out of 5 stars","-46"
"275",12,"Joshua Karty",LAR,"K15","8","Coach Upside rating","Coach Bust rating","2 out of 5 stars","+38"
"276",12,"Devin Singletary",NYG,"RB83","14","Coach Upside rating","Coach Bust rating","3 out of 5 stars","+8"
"277",12,"Brandin Cooks",BUF,"WR97","7","Coach Upside rating–No rating available","Coach Bust rating–No rating available","4 out of 5 stars","+23"
"278",12,"Chicago Bears",CHI,"DST17","5","Coach Upside rating–No rating available","Coach Bust rating–No rating available","4 out of 5 stars","+13"
"279",12,"Isaiah Davis",NYJ,"RB84","9","Coach Upside rating","Coach Bust rating","3 out of 5 stars","-"
"280",12,"Will Reichard",MIN,"K16","6","Coach Upside rating","Coach Bust rating","4 out of 5 stars","+29"
"281",12,"New England Patriots",NE,"DST18","14","Coach Upside rating–No rating available","Coach Bust rating–No rating available","5 out of 5 stars","-16"
"282",12,"Jaleel McLaughlin",DEN,"RB85","12","Coach Upside rating","Coach Bust rating","3 out of 5 stars","-27"
"283",12,"Tre Tucker",LV,"WR98","8","Coach Upside rating","Coach Bust rating","2 out of 5 stars","+52"
"284",12,"Anthony Richardson Sr.",IND,"QB32","11","Coach Upside rating","Coach Bust rating","2 out of 5 stars","-88"
"285",12,"Antonio Gibson",NE,"RB86","14","Coach Upside rating","Coach Bust rating","5 out of 5 stars","+3"
"286",12,"Dallas Cowboys",DAL,"DST19","10","Coach Upside rating–No rating available","Coach Bust rating–No rating available","4 out of 5 stars","-14"
"287",12,"Elijah Moore",DEN,"WR99","12","Coach Upside rating","Coach Bust rating","2 out of 5 stars","-"
"288",12,"Jalen Nailor",MIN,"WR100","6","Coach Upside rating–No rating available","Coach Bust rating–No rating available","4 out of 5 stars","-"
"289",12,"Emanuel Wilson",GB,"RB87","5","Coach Upside rating","Coach Bust rating","4 out of 5 stars","+10"
"290",12,"Arizona Cardinals",ARI,"DST20","8","Coach Upside rating–No rating available","Coach Bust rating–No rating available","0 out of 5 stars","-14"
"291",12,"Jaxson Dart",NYG,"QB33","14","Coach Upside rating","Coach Bust rating","3 out of 5 stars","-84"
"292",12,"Troy Franklin",DEN,"WR101","12","Coach Upside rating","Coach Bust rating","2 out of 5 stars","-10"
"293",12,"Daniel Carlson",LV,"K17","8","Coach Upside rating","Coach Bust rating","2 out of 5 stars","+13"
"294",12,"Jason Sanders",MIA,"K18","12","Coach Upside rating","Coach Bust rating","4 out of 5 stars","+13"
"295",12,"Ray-Ray McCloud III",NYG,"WR102","14","Coach Upside rating","Coach Bust rating","3 out of 5 stars","-14"
"296",12,"Christian Watson",GB,"WR103","5","Coach Upside rating","Coach Bust rating","4 out of 5 stars","+19"
"297",12,"Jordan James",SF,"RB88","14","Coach Upside rating","Coach Bust rating","3 out of 5 stars","-33"
"298",12,"Parker Washington",JAC,"WR104","8","Coach Upside rating","Coach Bust rating","2 out of 5 stars","-"
"299",12,"Tim Patrick",JAC,"WR105","8","Coach Upside rating","Coach Bust rating","2 out of 5 stars","-"
"300",13,"Chris Brooks",GB,"RB89","5","Coach Upside rating","Coach Bust rating","4 out of 5 stars","-"
"301",13,"Cleveland Browns",CLE,"DST21","9","Coach Upside rating–No rating available","Coach Bust rating–No rating available","4 out of 5 stars","+32"
"302",13,"Tyler Shough",NO,"QB34","11","Coach Upside rating","Coach Bust rating","5 out of 5 stars","-52"
"303",13,"Spencer Rattler",NO,"QB35","11","Coach Upside rating","Coach Bust rating","5 out of 5 stars","-45"
"304",13,"Luke McCaffrey",WAS,"WR106","12","Coach Upside rating–No rating available","Coach Bust rating–No rating available","3 out of 5 stars","-"
"305",13,"Terrance Ferguson",LAR,"TE36","8","Coach Upside rating","Coach Bust rating","2 out of 5 stars","-45"
"306",13,"Jermaine Burton",FA,"WR107","-","Coach Upside rating","Coach Bust rating","-","-"
"307",13,"Zamir White",LV,"RB90","8","Coach Upside rating","Coach Bust rating","2 out of 5 stars","-"
"308",13,"Samaje Perine",CIN,"RB91","10","Coach Upside rating","Coach Bust rating","3 out of 5 stars","+11"
"309",13,"Tutu Atwell",LAR,"WR108","8","Coach Upside rating","Coach Bust rating","2 out of 5 stars","+7"
"310",13,"Noah Fant",CIN,"TE37","10","Coach Upside rating","Coach Bust rating","3 out of 5 stars","-5"
"311",13,"Tyler Higbee",LAR,"TE38","8","Coach Upside rating","Coach Bust rating","2 out of 5 stars","+3"
"312",13,"Cam Little",JAC,"K19","8","Coach Upside rating","Coach Bust rating","2 out of 5 stars","-33"
"313",13,"Audric Estime",NO,"RB92","11","Coach Upside rating","Coach Bust rating","4 out of 5 stars","-12"
"314",13,"Ty Chandler",MIN,"RB93","6","Coach Upside rating","Coach Bust rating","3 out of 5 stars","-"
"315",13,"Taysom Hill",NO,"TE39","11","Coach Upside rating","Coach Bust rating","4 out of 5 stars","-11"
"316",13,"Josh Reynolds",NYJ,"WR109","9","Coach Upside rating","Coach Bust rating","4 out of 5 stars","-"
"317",13,"Phil Mafah",DAL,"RB94","10","Coach Upside rating","Coach Bust rating","4 out of 5 stars","-"
"318",13,"Brandon McManus",GB,"K20","5","Coach Upside rating","Coach Bust rating","5 out of 5 stars","-49"
"319",13,"Xavier Restrepo",TEN,"WR110","10","Coach Upside rating","Coach Bust rating","2 out of 5 stars","-24"
"320",13,"A.J. Dillon",PHI,"RB95","9","Coach Upside rating","Coach Bust rating","3 out of 5 stars","-10"
"321",13,"Oronde Gadsden II",LAC,"TE40","12","Coach Upside rating","Coach Bust rating","2 out of 5 stars","-10"
"322",13,"Kimani Vidal",LAC,"RB96","12","Coach Upside rating","Coach Bust rating","3 out of 5 stars","-"
"323",13,"Raheim Sanders",CLE,"RB97","9","Coach Upside rating","Coach Bust rating","4 out of 5 stars","-"
"324",13,"KaVontae Turpin",DAL,"WR111","10","Coach Upside rating","Coach Bust rating","2 out of 5 stars","-"
"325",13,"Tez Johnson",TB,"WR112","9","Coach Upside rating","Coach Bust rating","4 out of 5 stars","-"
"326",13,"Jordan Whittington",LAR,"WR113","8","Coach Upside rating","Coach Bust rating","2 out of 5 stars","-18"
"327",13,"New York Giants",NYG,"DST22","14","Coach Upside rating–No rating available","Coach Bust rating–No rating available","2 out of 5 stars","-65"
"328",13,"Jaylin Lane",WAS,"WR114","12","Coach Upside rating","Coach Bust rating","3 out of 5 stars","-35"
"329",13,"Shedeur Sanders",CLE,"QB36","9","Coach Upside rating","Coach Bust rating","5 out of 5 stars","-68"
"330",13,"Tyler Conklin",LAC,"TE41","12","Coach Upside rating","Coach Bust rating","2 out of 5 stars","-45"
"331",13,"Khalil Herbert",NYJ,"RB98","9","Coach Upside rating","Coach Bust rating","3 out of 5 stars","-6"
"332",13,"Ben Sinnott",WAS,"TE42","12","Coach Upside rating","Coach Bust rating","2 out of 5 stars","-20"
"333",13,"Sincere McCormick",DEN,"RB99","12","Coach Upside rating","Coach Bust rating","3 out of 5 stars","-"
"334",13,"Noah Brown",WAS,"WR115","12","Coach Upside rating","Coach Bust rating","3 out of 5 stars","-"
"335",13,"Damien Martinez",FA,"RB100","-","Coach Upside rating","Coach Bust rating","-","-4"
"336",13,"KeAndre Lambert-Smith",LAC,"WR116","12","Coach Upside rating","Coach Bust rating","2 out of 5 stars","0"
"337",13,"Will Dissly",LAC,"TE43","12","Coach Upside rating","Coach Bust rating","2 out of 5 stars","-"
"338",13,"AJ Barner",SEA,"TE44","8","Coach Upside rating","Coach Bust rating","2 out of 5 stars","-"
"339",13,"Olamide Zaccheaus",CHI,"WR117","5","Coach Upside rating","Coach Bust rating","3 out of 5 stars","-61"
"340",13,"Dawson Knox",BUF,"TE45","7","Coach Upside rating","Coach Bust rating","2 out of 5 stars","-"
"341",13,"Gabe Davis",BUF,"WR118","7","Coach Upside rating","Coach Bust rating","4 out of 5 stars","-"
"342",13,"Jason Myers",SEA,"K21","8","Coach Upside rating","Coach Bust rating","3 out of 5 stars","-"
"343",13,"Diontae Johnson",FA,"WR119","-","Coach Upside rating","Coach Bust rating","-","-45"
"344",13,"Kalel Mullings",TEN,"RB101","10","Coach Upside rating","Coach Bust rating","1 out of 5 stars","-"
"345",13,"Isaiah Bond",CLE,"WR120","9","Coach Upside rating","Coach Bust rating","4 out of 5 stars","-15"
"346",13,"Demarcus Robinson",SF,"WR121","14","Coach Upside rating","Coach Bust rating","3 out of 5 stars","-"
"347",13,"Michael Mayer",LV,"TE46","8","Coach Upside rating","Coach Bust rating","3 out of 5 stars","-"
"348",13,"Jalen Milroe",SEA,"QB37","8","Coach Upside rating","Coach Bust rating","3 out of 5 stars","-51"
"349",13,"Jake Moody",WAS,"K22","12","Coach Upside rating","Coach Bust rating","4 out of 5 stars","-32"
"350",13,"Washington Commanders",WAS,"DST23","12","Coach Upside rating–No rating available","Coach Bust rating–No rating available","2 out of 5 stars","-140"
"351",13,"Miami Dolphins",MIA,"DST24","12","Coach Upside rating–No rating available","Coach Bust rating–No rating available","5 out of 5 stars","-80"
"352",14,"Dillon Gabriel",CLE,"QB38","9","Coach Upside rating","Coach Bust rating","5 out of 5 stars","-23"
"353",14,"John Metchie III",NYJ,"WR122","9","Coach Upside rating","Coach Bust rating","4 out of 5 stars","-"
"354",14,"Luke Musgrave",GB,"TE47","5","Coach Upside rating","Coach Bust rating","2 out of 5 stars","-"
"355",14,"LeQuint Allen Jr.",JAC,"RB102","8","Coach Upside rating","Coach Bust rating","3 out of 5 stars","-"
"356",14,"Tai Felton",MIN,"WR123","6","Coach Upside rating","Coach Bust rating","4 out of 5 stars","-"
"357",14,"Jeremy McNichols",WAS,"RB103","12","Coach Upside rating","Coach Bust rating","3 out of 5 stars","-"
"358",14,"Gunnar Helm",TEN,"TE48","10","Coach Upside rating","Coach Bust rating","2 out of 5 stars","-"
"359",14,"Emari Demercado",ARI,"RB104","8","Coach Upside rating","Coach Bust rating","3 out of 5 stars","-"
"360",14,"Zack Moss",FA,"RB105","-","Coach Upside rating","Coach Bust rating","-","-58"
"361",14,"Hunter Renfrow",CAR,"WR124","14","Coach Upside rating","Coach Bust rating","4 out of 5 stars","-"
"362",14,"Jahan Dotson",PHI,"WR125","9","Coach Upside rating","Coach Bust rating","4 out of 5 stars","-"
"363",14,"Kirk Cousins",ATL,"QB39","5","Coach Upside rating","Coach Bust rating","4 out of 5 stars","-90"
"364",14,"Curtis Samuel",BUF,"WR126","7","Coach Upside rating","Coach Bust rating","4 out of 5 stars","-30"
"365",14,"Mack Hollins",NE,"WR127","14","Coach Upside rating","Coach Bust rating","4 out of 5 stars","-"
"366",14,"Allen Lazard",NYJ,"WR128","9","Coach Upside rating","Coach Bust rating","4 out of 5 stars","-"
"367",14,"Austin Hooper",NE,"TE49","14","Coach Upside rating","Coach Bust rating","3 out of 5 stars","-"
"368",14,"Chimere Dike",TEN,"WR129","10","Coach Upside rating","Coach Bust rating","2 out of 5 stars","-"
"369",14,"Savion Williams",GB,"WR130","5","Coach Upside rating","Coach Bust rating","4 out of 5 stars","-"
"370",14,"Jimmy Garoppolo",LAR,"QB40","8","Coach Upside rating","Coach Bust rating","2 out of 5 stars","-43"
"371",14,"Zay Jones",ARI,"WR131","8","Coach Upside rating","Coach Bust rating","2 out of 5 stars","-"
"372",14,"Chad Ryland",ARI,"K23","8","Coach Upside rating","Coach Bust rating","1 out of 5 stars","-35"
"373",14,"Marquez Valdes-Scantling",PIT,"WR132","5","Coach Upside rating","Coach Bust rating","4 out of 5 stars","-45"
"374",14,"Indianapolis Colts",IND,"DST25","11","Coach Upside rating–No rating available","Coach Bust rating–No rating available","3 out of 5 stars","-56"
"375",14,"Cairo Santos",CHI,"K24","5","Coach Upside rating","Coach Bust rating","5 out of 5 stars","-"
"376",14,"Atlanta Falcons",ATL,"DST26","5","Coach Upside rating–No rating available","Coach Bust rating–No rating available","3 out of 5 stars","-"
"377",14,"Justin Tucker",FA,"K25","-","Coach Upside rating","Coach Bust rating","-","-"
"378",14,"Van Jefferson",TEN,"WR133","10","Coach Upside rating–No rating available","Coach Bust rating–No rating available","2 out of 5 stars","-"
"379",14,"Jameis Winston",NYG,"QB41","14","Coach Upside rating","Coach Bust rating","3 out of 5 stars","-"
"380",14,"Jamari Thrash",CLE,"WR134","9","Coach Upside rating","Coach Bust rating","4 out of 5 stars","-"
"381",14,"Cade Stover",HOU,"TE50","6","Coach Upside rating","Coach Bust rating","4 out of 5 stars","-"
"382",14,"Greg Dortch",ARI,"WR135","8","Coach Upside rating","Coach Bust rating","2 out of 5 stars","-"
"383",14,"Tyquan Thornton",KC,"WR136","10","Coach Upside rating–No rating available","Coach Bust rating–No rating available","2 out of 5 stars","-"
"384",14,"Julius Chestnut",TEN,"RB106","10","Coach Upside rating","Coach Bust rating","1 out of 5 stars","-"
"385",14,"Gus Edwards",FA,"RB107","-","Coach Upside rating","Coach Bust rating","-","-"
"386",14,"Tyler Goodson",IND,"RB108","11","Coach Upside rating–No rating available","Coach Bust rating–No rating available","2 out of 5 stars","-"
"387",14,"JuJu Smith-Schuster",KC,"WR137","10","Coach Upside rating","Coach Bust rating","2 out of 5 stars","-"
"388",14,"Tommy Tremble",CAR,"TE51","14","Coach Upside rating","Coach Bust rating","3 out of 5 stars","-"
"389",14,"Cincinnati Bengals",CIN,"DST27","10","Coach Upside rating–No rating available","Coach Bust rating–No rating available","3 out of 5 stars","-69"
"390",14,"Dare Ogunbowale",HOU,"RB109","6","Coach Upside rating–No rating available","Coach Bust rating–No rating available","3 out of 5 stars","-"
"391",14,"Jalin Hyatt",NYG,"WR138","14","Coach Upside rating–No rating available","Coach Bust rating–No rating available","3 out of 5 stars","-"
"392",14,"George Holani",SEA,"RB110","8","Coach Upside rating–No rating available","Coach Bust rating–No rating available","4 out of 5 stars","-"
"393",14,"Efton Chism III",NE,"WR139","14","Coach Upside rating","Coach Bust rating","4 out of 5 stars","-97"
"394",14,"Hassan Haskins",LAC,"RB111","12","Coach Upside rating–No rating available","Coach Bust rating–No rating available","3 out of 5 stars","-"
"395",14,"Craig Reynolds",NE,"RB112","14","Coach Upside rating","Coach Bust rating","5 out of 5 stars","-"
"396",14,"Kyle Juszczyk",SF,"RB113","14","Coach Upside rating","Coach Bust rating","3 out of 5 stars","-"
"397",14,"Foster Moreau",NO,"TE52","11","Coach Upside rating","Coach Bust rating","4 out of 5 stars","-"
"398",14,"Tyrod Taylor",NYJ,"QB42","9","Coach Upside rating","Coach Bust rating","4 out of 5 stars","-"
"399",14,"Trey Sermon",PIT,"RB114","5","Coach Upside rating","Coach Bust rating","2 out of 5 stars","-"
"400",14,"Luke Schoonmaker",DAL,"TE53","10","Coach Upside rating","Coach Bust rating","3 out of 5 stars","-"
"401",14,"Blake Grupe",IND,"K26","11","Coach Upside rating–No rating available","Coach Bust rating–No rating available","2 out of 5 stars","-"
"402",14,"Tyler Badie",DEN,"RB115","12","Coach Upside rating–No rating available","Coach Bust rating–No rating available","3 out of 5 stars","-"
"403",14,"Xavier Hutchinson",HOU,"WR140","6","Coach Upside rating–No rating available","Coach Bust rating–No rating available","2 out of 5 stars","-"
"404",14,"Cam Akers",SEA,"RB116","8","Coach Upside rating","Coach Bust rating","4 out of 5 stars","-"
"405",14,"Donovan Edwards",WAS,"RB117","12","Coach Upside rating","Coach Bust rating","3 out of 5 stars","-"
"406",14,"Arian Smith",NYJ,"WR141","9","Coach Upside rating","Coach Bust rating","4 out of 5 stars","-"
"407",14,"Josh Oliver",MIN,"TE54","6","Coach Upside rating","Coach Bust rating","3 out of 5 stars","-"
"408",14,"Tank Dell",HOU,"WR142","6","Coach Upside rating","Coach Bust rating","2 out of 5 stars","-"
"409",14,"Jacob Cowing",SF,"WR143","14","Coach Upside rating","Coach Bust rating","3 out of 5 stars","-"
"410",14,"Kalif Raymond",DET,"WR144","8","Coach Upside rating–No rating available","Coach Bust rating–No rating available","3 out of 5 stars","-"
"411",14,"Matt Prater",BUF,"K27","7","Coach Upside rating","Coach Bust rating","4 out of 5 stars","-"
"412",14,"Graham Gano",NYG,"K28","14","Coach Upside rating–No rating available","Coach Bust rating–No rating available","4 out of 5 stars","-"
"413",14,"Darnell Washington",PIT,"TE55","5","Coach Upside rating","Coach Bust rating","4 out of 5 stars","-"
"414",14,"Grant Calcaterra",PHI,"TE56","9","Coach Upside rating","Coach Bust rating","3 out of 5 stars","-"
"415",14,"Sterling Shepard",TB,"WR145","9","Coach Upside rating–No rating available","Coach Bust rating–No rating available","4 out of 5 stars","-"
"416",15,"Spencer Shrader",IND,"K29","11","Coach Upside rating–No rating available","Coach Bust rating–No rating available","2 out of 5 stars","-"
"417",15,"New Orleans Saints",NO,"DST28","11","Coach Upside rating–No rating available","Coach Bust rating–No rating available","3 out of 5 stars","-91"
"418",15,"Elijah Higgins",ARI,"TE57","8","Coach Upside rating–No rating available","Coach Bust rating–No rating available","4 out of 5 stars","-"
"419",15,"Andy Borregales",NE,"K30","14","Coach Upside rating–No rating available","Coach Bust rating–No rating available","5 out of 5 stars","-"
"420",15,"Eddy Pineiro",SF,"K31","14","Coach Upside rating","Coach Bust rating","2 out of 5 stars","-"
"421",15,"Joe Milton III",DAL,"QB43","10","Coach Upside rating","Coach Bust rating","3 out of 5 stars","-"
"422",15,"Kenny Pickett",LV,"QB44","8","Coach Upside rating","Coach Bust rating","2 out of 5 stars","-"
"423",15,"Jordan Watkins",SF,"WR146","14","Coach Upside rating–No rating available","Coach Bust rating–No rating available","3 out of 5 stars","-"
"424",15,"Stone Smartt",NYJ,"TE58","9","Coach Upside rating–No rating available","Coach Bust rating–No rating available","4 out of 5 stars","-"
"425",15,"Mitchell Evans",CAR,"TE59","14","Coach Upside rating–No rating available","Coach Bust rating–No rating available","3 out of 5 stars","-"
"426",15,"Alec Ingold",MIA,"RB118","12","Coach Upside rating–No rating available","Coach Bust rating–No rating available","4 out of 5 stars","-"
"427",15,"Las Vegas Raiders",LV,"DST29","8","Coach Upside rating–No rating available","Coach Bust rating–No rating available","3 out of 5 stars","-106"
"428",15,"Devontez Walker",BAL,"WR147","7","Coach Upside rating–No rating available","Coach Bust rating–No rating available","4 out of 5 stars","-"
"429",15,"Nick Folk",NYJ,"K32","9","Coach Upside rating–No rating available","Coach Bust rating–No rating available","3 out of 5 stars","-"
"430",15,"Jacksonville Jaguars",JAC,"DST30","8","Coach Upside rating–No rating available","Coach Bust rating–No rating available","3 out of 5 stars","-106"
"431",15,"Jeremy Ruckert",NYJ,"TE60","9","Coach Upside rating","Coach Bust rating","4 out of 5 stars","-"
"432",15,"Jimmy Horn Jr.",CAR,"WR148","14","Coach Upside rating–No rating available","Coach Bust rating–No rating available","4 out of 5 stars","-"
"433",15,"Jake Bobo",SEA,"WR149","8","Coach Upside rating–No rating available","Coach Bust rating–No rating available","3 out of 5 stars","-"
"434",15,"Clyde Edwards-Helaire",KC,"RB119","10","Coach Upside rating–No rating available","Coach Bust rating–No rating available","3 out of 5 stars","-"
"435",15,"Jonathan Mingo",DAL,"WR150","10","Coach Upside rating–No rating available","Coach Bust rating–No rating available","2 out of 5 stars","-"
"436",15,"Jeff Wilson Jr.",MIA,"RB120","12","Coach Upside rating–No rating available","Coach Bust rating–No rating available","4 out of 5 stars","-"
"437",15,"Jonathon Brooks",CAR,"RB121","14","Coach Upside rating–No rating available","Coach Bust rating–No rating available","3 out of 5 stars","-"
"438",15,"Colby Parkinson",LAR,"TE61","8","Coach Upside rating–No rating available","Coach Bust rating–No rating available","2 out of 5 stars","-"
"439",15,"Ja'Quinden Jackson",JAC,"RB122","8","Coach Upside rating–No rating available","Coach Bust rating–No rating available","3 out of 5 stars","-"
"440",15,"Dylan Laube",LV,"RB123","8","Coach Upside rating–No rating available","Coach Bust rating–No rating available","2 out of 5 stars","-"
"441",15,"Russell Gage Jr.",FA,"WR151","-","Coach Upside rating–No rating available","Coach Bust rating–No rating available","-","-"
"442",15,"Sione Vaki",DET,"RB124","8","Coach Upside rating–No rating available","Coach Bust rating–No rating available","3 out of 5 stars","-"
"443",15,"Theo Wease Jr.",MIA,"WR152","12","Coach Upside rating","Coach Bust rating","4 out of 5 stars","-"
"444",15,"Antwane Wells Jr.",FA,"WR153","-","Coach Upside rating–No rating available","Coach Bust rating–No rating available","-","-"
"445",15,"Rasheen Ali",BAL,"RB125","7","Coach Upside rating–No rating available","Coach Bust rating–No rating available","2 out of 5 stars","-"
"446",15,"Casey Washington",ATL,"WR154","5","Coach Upside rating–No rating available","Coach Bust rating–No rating available","3 out of 5 stars","-"
"447",15,"Mason Rudolph",PIT,"QB45","5","Coach Upside rating–No rating available","Coach Bust rating–No rating available","4 out of 5 stars","-"
"448",15,"KhaDarel Hodge",ATL,"WR155","5","Coach Upside rating–No rating available","Coach Bust rating–No rating available","3 out of 5 stars","-"
"449",15,"Malik Willis",GB,"QB46","5","Coach Upside rating–No rating available","Coach Bust rating–No rating available","5 out of 5 stars","-"
"450",15,"Julian Hill",MIA,"TE62","12","Coach Upside rating–No rating available","Coach Bust rating–No rating available","5 out of 5 stars","-"
"451",15,"Charles Scott",FA,"RB126","-","Coach Upside rating–No rating available","Coach Bust rating–No rating available","-","-"
"452",15,"Nathan Carter",ATL,"RB127","5","Coach Upside rating–No rating available","Coach Bust rating–No rating available","4 out of 5 stars","-"
"453",15,"Tennessee Titans",TEN,"DST31","10","Coach Upside rating–No rating available","Coach Bust rating–No rating available","1 out of 5 stars","-173"
"454",15,"Carolina Panthers",CAR,"DST32","14","Coach Upside rating–No rating available","Coach Bust rating–No rating available","2 out of 5 stars","-"
"455",15,"Greg Dulcich",MIA,"TE63","12","Coach Upside rating–No rating available","Coach Bust rating–No rating available","5 out of 5 stars","-"
"456",15,"Zach Wilson",MIA,"QB47","12","Coach Upside rating–No rating available","Coach Bust rating–No rating available","4 out of 5 stars","-"
"457",15,"Hunter Luepke",DAL,"RB128","10","Coach Upside rating–No rating available","Coach Bust rating–No rating available","4 out of 5 stars","-"
"458",15,"Zonovan Knight",ARI,"RB129","8","Coach Upside rating–No rating available","Coach Bust rating–No rating available","3 out of 5 stars","-"
"459",15,"David Moore",CAR,"WR156","14","Coach Upside rating–No rating available","Coach Bust rating–No rating available","4 out of 5 stars","-"
"460",15,"Skyy Moore",SF,"WR157","14","Coach Upside rating–No rating available","Coach Bust rating–No rating available","3 out of 5 stars","-"
"461",15,"Robert Woods",FA,"WR158","-","Coach Upside rating","Coach Bust rating","-","-"
"462",15,"Javon Baker",SF,"WR159","14","Coach Upside rating–No rating available","Coach Bust rating–No rating available","3 out of 5 stars","-"
"463",15,"Michael Carter",ARI,"RB130","8","Coach Upside rating–No rating available","Coach Bust rating–No rating available","3 out of 5 stars","-"
"464",15,"Kene Nwangwu",NYJ,"RB131","9","Coach Upside rating–No rating available","Coach Bust rating–No rating available","3 out of 5 stars","-"
"465",15,"Marcus Mariota",WAS,"QB48","12","Coach Upside rating–No rating available","Coach Bust rating–No rating available","3 out of 5 stars","-"
"466",15,"Aidan O'Connell",LV,"QB49","8","Coach Upside rating–No rating available","Coach Bust rating–No rating available","2 out of 5 stars","-"
"467",15,"Luke Lachey",HOU,"TE64","6","Coach Upside rating–No rating available","Coach Bust rating–No rating available","4 out of 5 stars","-"
"468",15,"Hunter Long",JAC,"TE65","8","Coach Upside rating–No rating available","Coach Bust rating–No rating available","4 out of 5 stars","-"
"469",15,"Malachi Corley",CLE,"WR160","9","Coach Upside rating–No rating available","Coach Bust rating–No rating available","4 out of 5 stars","-"
"470",15,"Jamaal Williams",FA,"RB132","-","Coach Upside rating–No rating available","Coach Bust rating–No rating available","-","-"
"471",15,"Adam Trautman",DEN,"TE66","12","Coach Upside rating–No rating available","Coach Bust rating–No rating available","4 out of 5 stars","-"
"472",15,"Jared Wiley",KC,"TE67","10","Coach Upside rating–No rating available","Coach Bust rating–No rating available","3 out of 5 stars","-"
"473",15,"Brock Wright",DET,"TE68","8","Coach Upside rating–No rating available","Coach Bust rating–No rating available","3 out of 5 stars","-"
"474",15,"Chris Tyree",NO,"WR161","11","Coach Upside rating–No rating available","Coach Bust rating–No rating available","4 out of 5 stars","-"
"475",15,"John Bates",WAS,"TE69","12","Coach Upside rating–No rating available","Coach Bust rating–No rating available","2 out of 5 stars","-"
"476",15,"Tyler Johnson",NYJ,"WR162","9","Coach Upside rating–No rating available","Coach Bust rating–No rating available","4 out of 5 stars","-"
"477",15,"Kendrick Bourne",SF,"WR163","14","Coach Upside rating","Coach Bust rating","3 out of 5 stars","-"
"478",15,"Cordarrelle Patterson",FA,"RB133","-","Coach Upside rating–No rating available","Coach Bust rating–No rating available","-","-"
"479",15,"Jalen Brooks",ARI,"WR164","8","Coach Upside rating–No rating available","Coach Bust rating–No rating available","2 out of 5 stars","-"
"480",15,"Travis Homer",CHI,"RB134","5","Coach Upside rating–No rating available","Coach Bust rating–No rating available","4 out of 5 stars","-"
"481",15,"Deshaun Watson",CLE,"QB50","9","Coach Upside rating–No rating available","Coach Bust rating–No rating available","5 out of 5 stars","-"
"482",15,"Drew Sample",CIN,"TE70","10","Coach Upside rating–No rating available","Coach Bust rating–No rating available","3 out of 5 stars","-"
"483",15,"Tyrell Shavers",BUF,"WR165","7","Coach Upside rating–No rating available","Coach Bust rating–No rating available","4 out of 5 stars","-"
"484",15,"Daniel Bellinger",NYG,"TE71","14","Coach Upside rating–No rating available","Coach Bust rating–No rating available","3 out of 5 stars","-"
"485",15,"D'Ernest Johnson",NE,"RB135","14","Coach Upside rating–No rating available","Coach Bust rating–No rating available","5 out of 5 stars","-"
"486",15,"Mitch Tinsley",CIN,"WR166","10","Coach Upside rating–No rating available","Coach Bust rating–No rating available","4 out of 5 stars","-"
"487",15,"Trey Lance",LAC,"QB51","12","Coach Upside rating–No rating available","Coach Bust rating–No rating available","3 out of 5 stars","-"
"488",15,"Troy Hairston II",FA,"RB136","-","Coach Upside rating–No rating available","Coach Bust rating–No rating available","-","-"
"489",15,"Israel Abanikanda",DAL,"RB137","10","Coach Upside rating–No rating available","Coach Bust rating–No rating available","4 out of 5 stars","-"
"490",16,"Ezekiel Elliott",FA,"RB138","-","Coach Upside rating–No rating available","Coach Bust rating–No rating available","-","-"
"491",16,"Carson Steele",KC,"RB139","10","Coach Upside rating–No rating available","Coach Bust rating–No rating available","3 out of 5 stars","-"
"492",16,"Patrick Ricard",BAL,"RB140","7","Coach Upside rating–No rating available","Coach Bust rating–No rating available","2 out of 5 stars","-"
"493",16,"Konata Mumpfield",LAR,"WR167","8","Coach Upside rating–No rating available","Coach Bust rating–No rating available","2 out of 5 stars","-"
"494",16,"Mecole Hardman Jr.",BUF,"WR168","7","Coach Upside rating–No rating available","Coach Bust rating–No rating available","4 out of 5 stars","-"
"495",16,"Mac Jones",SF,"QB52","14","Coach Upside rating–No rating available","Coach Bust rating–No rating available","2 out of 5 stars","-"
"496",16,"Lucky Jackson",FA,"WR169","-","Coach Upside rating–No rating available","Coach Bust rating–No rating available","-","-"
"497",16,"Kylen Granson",PHI,"TE72","9","Coach Upside rating–No rating available","Coach Bust rating–No rating available","3 out of 5 stars","-"
"498",16,"Thomas Fidone II",NYG,"TE73","14","Coach Upside rating–No rating available","Coach Bust rating–No rating available","3 out of 5 stars","-"
"499",16,"Jordan Mims",TEN,"RB141","10","Coach Upside rating–No rating available","Coach Bust rating–No rating available","1 out of 5 stars","-"
"500",16,"Payne Durham",TB,"TE74","9","Coach Upside rating–No rating available","Coach Bust rating–No rating available","1 out of 5 stars","-"
"501",16,"Zavier Scott",MIN,"RB142","6","Coach Upside rating–No rating available","Coach Bust rating–No rating available","3 out of 5 stars","-"
"502",16,"Eric Gray",NYG,"RB143","14","Coach Upside rating–No rating available","Coach Bust rating–No rating available","3 out of 5 stars","-"
"503",16,"Marcus Yarns",FA,"RB144","-","Coach Upside rating–No rating available","Coach Bust rating–No rating available","-","-"
"504",16,"Tanner Hudson",CIN,"TE75","10","Coach Upside rating–No rating available","Coach Bust rating–No rating available","3 out of 5 stars","-"
"505",16,"Carson Wentz",MIN,"QB53","6","Coach Upside rating–No rating available","Coach Bust rating–No rating available","4 out of 5 stars","-"
"506",16,"Ben Skowronek",PIT,"WR170","5","Coach Upside rating–No rating available","Coach Bust rating–No rating available","4 out of 5 stars","-"
"507",16,"Johnny Mundt",JAC,"TE76","8","Coach Upside rating–No rating available","Coach Bust rating–No rating available","4 out of 5 stars","-"
"508",16,"Trent Sherfield Sr.",ARI,"WR171","8","Coach Upside rating–No rating available","Coach Bust rating–No rating available","2 out of 5 stars","-"
"509",16,"Corey Kiner",ARI,"RB145","8","Coach Upside rating–No rating available","Coach Bust rating–No rating available","3 out of 5 stars","-"
"510",16,"Scotty Miller",PIT,"WR172","5","Coach Upside rating–No rating available","Coach Bust rating–No rating available","4 out of 5 stars","-"
"511",16,"Ricky White III",SEA,"WR173","8","Coach Upside rating–No rating available","Coach Bust rating–No rating available","3 out of 5 stars","-"
"512",16,"DeAndre Carter",CLE,"WR174","9","Coach Upside rating–No rating available","Coach Bust rating–No rating available","4 out of 5 stars","-"
"513",16,"Sam Howell",PHI,"QB54","9","Coach Upside rating–No rating available","Coach Bust rating–No rating available","4 out of 5 stars","-"
"514",16,"Mason Tipton",NO,"WR175","11","Coach Upside rating–No rating available","Coach Bust rating–No rating available","4 out of 5 stars","-"
"515",16,"Josh Williams",TB,"RB146","9","Coach Upside rating–No rating available","Coach Bust rating–No rating available","3 out of 5 stars","-"
"516",16,"Harrison Bryant",HOU,"TE77","6","Coach Upside rating–No rating available","Coach Bust rating–No rating available","4 out of 5 stars","-"
"517",16,"Charlie Kolar",BAL,"TE78","7","Coach Upside rating–No rating available","Coach Bust rating–No rating available","3 out of 5 stars","-"
"518",16,"Charlie Woerner",ATL,"TE79","5","Coach Upside rating–No rating available","Coach Bust rating–No rating available","5 out of 5 stars","-"
"519",16,"Jake Browning",CIN,"QB55","10","Coach Upside rating–No rating available","Coach Bust rating–No rating available","3 out of 5 stars","-"
"520",16,"Michael Burton",DEN,"RB147","12","Coach Upside rating–No rating available","Coach Bust rating–No rating available","3 out of 5 stars","-"
"521",16,"Derius Davis",LAC,"WR176","12","Coach Upside rating–No rating available","Coach Bust rating–No rating available","2 out of 5 stars","-"
"522",16,"C.J. Ham",MIN,"RB148","6","Coach Upside rating–No rating available","Coach Bust rating–No rating available","3 out of 5 stars","-"
"523",16,"Deuce Vaughn",DEN,"RB149","12","Coach Upside rating–No rating available","Coach Bust rating–No rating available","3 out of 5 stars","-"
"524",16,"Beaux Collins",NYG,"WR177","14","Coach Upside rating–No rating available","Coach Bust rating–No rating available","3 out of 5 stars","-"
"525",16,"Pierre Strong Jr.",GB,"RB150","5","Coach Upside rating","Coach Bust rating","4 out of 5 stars","-"
"526",16,"Tony Jones Jr.",FA,"RB151","-","Coach Upside rating–No rating available","Coach Bust rating–No rating available","-","-"
"527",16,"Luke Farrell",SF,"TE80","14","Coach Upside rating–No rating available","Coach Bust rating–No rating available","2 out of 5 stars","-"
"528",16,"Josh Whyle",GB,"TE81","5","Coach Upside rating–No rating available","Coach Bust rating–No rating available","2 out of 5 stars","-"
"529",16,"Jackson Hawes",BUF,"TE82","7","Coach Upside rating–No rating available","Coach Bust rating–No rating available","2 out of 5 stars","-"
"530",16,"Charlie Jones",CIN,"WR178","10","Coach Upside rating–No rating available","Coach Bust rating–No rating available","4 out of 5 stars","-"
"531",16,"DeeJay Dallas",CAR,"RB152","14","Coach Upside rating–No rating available","Coach Bust rating–No rating available","3 out of 5 stars","-"
"532",16,"Drew Lock",SEA,"QB56","8","Coach Upside rating–No rating available","Coach Bust rating–No rating available","3 out of 5 stars","-"
"533",16,"Frank Gore Jr.",BUF,"RB153","7","Coach Upside rating–No rating available","Coach Bust rating–No rating available","3 out of 5 stars","-"
"534",16,"Davis Mills",HOU,"QB57","6","Coach Upside rating–No rating available","Coach Bust rating–No rating available","2 out of 5 stars","-"